<?xml version="1.0" encoding="utf-8"?><resourceInfo xmlns="http://www.ilsp.gr/META-XMLSchema" xmlns:xsi="http://www.w3.org/2001/XMLSchema-instance" xsi:schemaLocation="http://www.ilsp.gr/META-XMLSchema http://metashare.ilsp.gr/META-XMLSchema/v3.0/META-SHARE-Resource.xsd"><identificationInfo><resourceName lang="und">sample upload</resourceName><description lang="und">description</description><metaShareId>NOT_DEFINED_FOR_V2</metaShareId><createdUsingELRCServices>true</createdUsingELRCServices></identificationInfo><distributionInfo><availability>available-restrictedUse</availability><licenceInfo><licence>LicenceOuverte-OpenLicence_France</licence><personalDataIncluded>false</personalDataIncluded><sensitiveDataIncluded>false</sensitiveDataIncluded><restrictionsOfUse>attribution</restrictionsOfUse></licenceInfo><licenceInfo><licence>other</licence><personalDataIncluded>false</personalDataIncluded><sensitiveDataIncluded>false</sensitiveDataIncluded><restrictionsOfUse>attribution</restrictionsOfUse></licenceInfo></distributionInfo><contactPerson><surname lang="und">Deligiannis</surname><givenName lang="und">John</givenName><communicationInfo><email>myemail@email.com</email></communicationInfo></contactPerson><metadataInfo><metadataCreationDate>2015-02-25</metadataCreationDate><metadataLastDateUpdated>2015-10-06</metadataLastDateUpdated></metadataInfo><resourceComponentType><corpusInfo><resourceType>corpus</resourceType><corpusMediaType><corpusTextInfo><mediaType>text</mediaType><lingualityInfo><lingualityType>bilingual</lingualityType></lingualityInfo><languageInfo><languageId>en</languageId><languageName>English</languageName></languageInfo><languageInfo><languageId>hr</languageId><languageName>Croatian</languageName></languageInfo><sizeInfo><size>56</size><sizeUnit>keywords</sizeUnit></sizeInfo><textFormatInfo><mimeType>text/plain</mimeType></textFormatInfo><characterEncodingInfo><characterEncoding>UTF-8</characterEncoding></characterEncodingInfo><domainInfo><domain>biologyDDC570</domain></domainInfo></corpusTextInfo></corpusMediaType></corpusInfo></resourceComponentType></resourceInfo>