<?xml version="1.0" encoding="utf-8"?><resourceInfo xmlns="http://www.ilsp.gr/META-XMLSchema" xmlns:xsi="http://www.w3.org/2001/XMLSchema-instance" xsi:schemaLocation="http://www.ilsp.gr/META-XMLSchema http://metashare.ilsp.gr/META-XMLSchema/v3.0/META-SHARE-Resource.xsd"><identificationInfo><resourceName lang="en">test language description</resourceName><description lang="en">interesting for machine translation</description><metaShareId>NOT_DEFINED_FOR_V2</metaShareId><appropriatenessForDSI>eJustice</appropriatenessForDSI><appropriatenessForDSI>saferInternet</appropriatenessForDSI><createdUsingELRCServices>false</createdUsingELRCServices></identificationInfo><distributionInfo><availability>underNegotiation</availability><licenceInfo><licence>underNegotiation</licence><personalDataIncluded>false</personalDataIncluded><sensitiveDataIncluded>false</sensitiveDataIncluded><restrictionsOfUse>shareAlike</restrictionsOfUse></licenceInfo></distributionInfo><contactPerson><surname lang="en">Labropoulou</surname><givenName lang="en">Penny</givenName><communicationInfo><email>penny@ilsp.gr</email></communicationInfo></contactPerson><metadataInfo><metadataCreationDate>2015-09-10</metadataCreationDate><metadataCreator><surname lang="en">Labropoulou</surname><givenName lang="en">Penny</givenName><communicationInfo><email>penny@ilsp.gr</email></communicationInfo></metadataCreator><metadataLastDateUpdated>2015-09-10</metadataLastDateUpdated></metadataInfo><resourceDocumentationInfo><documentation><documentInfo><documentType>inProceedings</documentType><title lang="und">Design of an Efficient Corpus for High-Quality Unit Selection TTS for Bulgarian</title><author>Χαλαμανδάρης, Α., Τσιάκουλης, Π., Ράπτης, Σ. &amp; Καραμπέτσος, Σ.</author><year>2009</year><bookTitle>Proc. 4th Language &amp; Technology Conference: Human Language Technologies as a Challenge for Computer Science and Linguistics</bookTitle><conference>TSD 2009</conference></documentInfo></documentation></resourceDocumentationInfo><resourceComponentType><languageDescriptionInfo><resourceType>languageDescription</resourceType><languageDescriptionType>grammar</languageDescriptionType><languageDescriptionEncodingInfo><encodingLevel>morphology</encodingLevel><conformanceToStandardsBestPractices>EAGLES</conformanceToStandardsBestPractices><task>anaphoraResolution</task></languageDescriptionEncodingInfo><languageDescriptionMediaType><languageDescriptionTextInfo><mediaType>text</mediaType><lingualityInfo><lingualityType>monolingual</lingualityType></lingualityInfo><languageInfo><languageId>cs</languageId><languageName>Czech</languageName></languageInfo><sizeInfo><size>10</size><sizeUnit>rules</sizeUnit></sizeInfo><textFormatInfo><mimeType>text/plain</mimeType></textFormatInfo><characterEncodingInfo><characterEncoding>UTF-8</characterEncoding></characterEncodingInfo></languageDescriptionTextInfo></languageDescriptionMediaType></languageDescriptionInfo></resourceComponentType></resourceInfo>