<?xml version="1.0" encoding="utf-8"?><resourceInfo xmlns="http://www.ilsp.gr/META-XMLSchema" xmlns:xsi="http://www.w3.org/2001/XMLSchema-instance" xsi:schemaLocation="http://www.ilsp.gr/META-XMLSchema http://metashare.ilsp.gr/META-XMLSchema/v3.0/META-SHARE-Resource.xsd"><identificationInfo><resourceName lang="el">δοκιμαστικό σώμα κειμένων του test1 ingested</resourceName><resourceName lang="en">test corpus from test1</resourceName><description lang="en">Great corpus for linguists and archaeologists</description><metaShareId>NOT_DEFINED_FOR_V2</metaShareId><ISLRN>tt</ISLRN><appropriatenessForDSI>ElectronicExchangeOfSocialSecurityInformation</appropriatenessForDSI><createdUsingELRCServices>true</createdUsingELRCServices></identificationInfo><distributionInfo><availability>available-restrictedUse</availability><licenceInfo><licence>CC-BY</licence><personalDataIncluded>false</personalDataIncluded><sensitiveDataIncluded>false</sensitiveDataIncluded><restrictionsOfUse>attribution</restrictionsOfUse></licenceInfo></distributionInfo><contactPerson><surname lang="en">Deligiannis</surname><givenName lang="en">Miltos</givenName><sex>male</sex><communicationInfo><email>mdel@ilsp.gr</email><url>http://www.free.com</url></communicationInfo><position>Free</position></contactPerson><contactPerson><surname lang="en">Labropoulou</surname><givenName lang="en">Penny</givenName><communicationInfo><email>penny@ilsp.gr</email></communicationInfo></contactPerson><metadataInfo><metadataCreationDate>2015-09-09</metadataCreationDate><metadataCreator><surname lang="en">contactperson</surname><communicationInfo><email>contact@example.com</email></communicationInfo></metadataCreator><metadataLanguageName>engl</metadataLanguageName><metadataLastDateUpdated>2015-09-09</metadataLastDateUpdated></metadataInfo><resourceComponentType><corpusInfo><resourceType>corpus</resourceType><corpusMediaType><corpusTextInfo><mediaType>text</mediaType><lingualityInfo><lingualityType>bilingual</lingualityType><multilingualityType>comparable</multilingualityType></lingualityInfo><languageInfo><languageId>el</languageId><languageName>Greek, Modern (1453-)</languageName></languageInfo><languageInfo><languageId>nl</languageId><languageName>Dutch; Flemish</languageName></languageInfo><sizeInfo><size>10000</size><sizeUnit>sentences</sizeUnit></sizeInfo><textFormatInfo><mimeType>tst</mimeType></textFormatInfo><textFormatInfo><mimeType>application/x-tmx+xml</mimeType></textFormatInfo><characterEncodingInfo><characterEncoding>ISO-8859-7</characterEncoding></characterEncodingInfo><domainInfo><domain>biologyDDC570</domain><conformanceToClassificationScheme>DDC_classification</conformanceToClassificationScheme></domainInfo><textClassificationInfo><textGenre>discussion</textGenre></textClassificationInfo><annotationInfo><annotationType>morphosyntacticAnnotation-bPosTagging</annotationType><annotationStandoff>true</annotationStandoff><segmentationLevel>word</segmentationLevel><conformanceToStandardsBestPractices>ISO30042</conformanceToStandardsBestPractices></annotationInfo></corpusTextInfo></corpusMediaType></corpusInfo></resourceComponentType></resourceInfo>