<?xml version="1.0" encoding="utf-8"?><resourceInfo xmlns="http://www.ilsp.gr/META-XMLSchema" xmlns:xsi="http://www.w3.org/2001/XMLSchema-instance" xsi:schemaLocation="http://www.ilsp.gr/META-XMLSchema http://metashare.ilsp.gr/META-XMLSchema/v3.0/META-SHARE-Resource.xsd"><identificationInfo><resourceName lang="en">test2 new corpus2</resourceName><description lang="en">description</description><metaShareId>NOT_DEFINED_FOR_V2</metaShareId><appropriatenessForDSI>Europeana</appropriatenessForDSI><appropriatenessForDSI>OnlineDisputeResolution</appropriatenessForDSI><createdUsingELRCServices>true</createdUsingELRCServices></identificationInfo><distributionInfo><availability>available-restrictedUse</availability><licenceInfo><licence>termsOfUse</licence><personalDataIncluded>true</personalDataIncluded><sensitiveDataIncluded>false</sensitiveDataIncluded><restrictionsOfUse>commercialUse</restrictionsOfUse><restrictionsOfUse>noDerivatives</restrictionsOfUse><restrictionsOfUse>research</restrictionsOfUse></licenceInfo></distributionInfo><contactPerson><surname lang="en">Contact Test</surname><communicationInfo><email>test@test.gr</email></communicationInfo></contactPerson><metadataInfo><metadataCreationDate>2015-10-06</metadataCreationDate><metadataLastDateUpdated>2015-10-06</metadataLastDateUpdated></metadataInfo><resourceComponentType><corpusInfo><resourceType>corpus</resourceType><corpusMediaType><corpusTextInfo><mediaType>text</mediaType><lingualityInfo><lingualityType>monolingual</lingualityType></lingualityInfo><languageInfo><languageId>en</languageId><languageName>English</languageName></languageInfo><sizeInfo><size>10</size><sizeUnit>words</sizeUnit></sizeInfo><textFormatInfo><mimeType>application/xml</mimeType></textFormatInfo><characterEncodingInfo><characterEncoding>UTF-8</characterEncoding></characterEncodingInfo></corpusTextInfo></corpusMediaType></corpusInfo></resourceComponentType></resourceInfo>