<?xml version="1.0" encoding="utf-8"?><resourceInfo xmlns="http://www.ilsp.gr/META-XMLSchema" xmlns:xsi="http://www.w3.org/2001/XMLSchema-instance" xsi:schemaLocation="http://www.ilsp.gr/META-XMLSchema http://metashare.ilsp.gr/META-XMLSchema/v3.0/META-SHARE-Resource.xsd"><identificationInfo><resourceName lang="en">Greek Parliament Sessions</resourceName><description lang="en">Greek Parliament Sessions</description><metaShareId>NOT_DEFINED_FOR_V2</metaShareId><createdUsingELRCServices>true</createdUsingELRCServices></identificationInfo><distributionInfo><availability>available-restrictedUse</availability><licenceInfo><licence>proprietary</licence><personalDataIncluded>false</personalDataIncluded><sensitiveDataIncluded>false</sensitiveDataIncluded></licenceInfo></distributionInfo><contactPerson><surname lang="en">Deligiannis</surname><givenName lang="en">Miltos</givenName><sex>male</sex><communicationInfo><email>mdel@ilsp.gr</email><url>http://www.free.com</url></communicationInfo><position>Free</position></contactPerson><metadataInfo><metadataCreationDate>2015-09-01</metadataCreationDate><metadataLanguageName>Church Slavic; Old Slavonic; Church Slavonic; Old Bulgarian; Old Church Slavonic</metadataLanguageName><metadataLanguageId>cu</metadataLanguageId><metadataLastDateUpdated>2015-09-15</metadataLastDateUpdated></metadataInfo><resourceComponentType><corpusInfo><resourceType>corpus</resourceType><corpusMediaType><corpusTextInfo><mediaType>text</mediaType><lingualityInfo><lingualityType>monolingual</lingualityType></lingualityInfo><languageInfo><languageId>el</languageId><languageName>Greek, Modern (1453-)</languageName></languageInfo><sizeInfo><size>2673</size><sizeUnit>files</sizeUnit></sizeInfo><textFormatInfo><mimeType>text/plain</mimeType></textFormatInfo><characterEncodingInfo><characterEncoding>UTF-8</characterEncoding></characterEncodingInfo></corpusTextInfo></corpusMediaType></corpusInfo></resourceComponentType></resourceInfo>