<?xml version="1.0" encoding="utf-8"?><resourceInfo xmlns="http://www.ilsp.gr/META-XMLSchema" xmlns:xsi="http://www.w3.org/2001/XMLSchema-instance" xsi:schemaLocation="http://www.ilsp.gr/META-XMLSchema http://metashare.ilsp.gr/META-XMLSchema/v3.0/META-SHARE-Resource.xsd"><identificationInfo><resourceName lang="en">test corpus new uploaded</resourceName><description lang="en">a corpus useful for testing</description><metaShareId>NOT_DEFINED_FOR_V2</metaShareId><createdUsingELRCServices>true</createdUsingELRCServices></identificationInfo><distributionInfo><availability>available-restrictedUse</availability><licenceInfo><licence>termsOfUse</licence><personalDataIncluded>false</personalDataIncluded><sensitiveDataIncluded>false</sensitiveDataIncluded><restrictionsOfUse>attribution</restrictionsOfUse><restrictionsOfUse>education</restrictionsOfUse><termsOfUseURL>http://www.w3schools.com/</termsOfUseURL></licenceInfo><licenceInfo><licence>proprietary</licence><personalDataIncluded>false</personalDataIncluded><sensitiveDataIncluded>false</sensitiveDataIncluded></licenceInfo><licenceInfo><licence>PDDL</licence><personalDataIncluded>false</personalDataIncluded><sensitiveDataIncluded>false</sensitiveDataIncluded></licenceInfo></distributionInfo><contactPerson><surname lang="en">Labropoulou</surname><givenName lang="en">Penny</givenName><communicationInfo><email>penny@ilsp.gr</email></communicationInfo></contactPerson><metadataInfo><metadataCreationDate>2015-09-23</metadataCreationDate></metadataInfo><resourceComponentType><corpusInfo><resourceType>corpus</resourceType><corpusMediaType><corpusTextInfo><mediaType>text</mediaType><lingualityInfo><lingualityType>monolingual</lingualityType></lingualityInfo><languageInfo><languageId>fi</languageId><languageName>Finnish</languageName></languageInfo><sizeInfo><size>8600000</size><sizeUnit>words</sizeUnit></sizeInfo><textFormatInfo><mimeType>application/xhtml+xml</mimeType></textFormatInfo><characterEncodingInfo><characterEncoding>UTF-8</characterEncoding></characterEncodingInfo></corpusTextInfo></corpusMediaType></corpusInfo></resourceComponentType></resourceInfo>